<?xml version="1.0" encoding="UTF-8" standalone="yes"?>
<addon id="script.module.urlresolver.xxx" version="1.0.02" name="Adult Resolver SMU Extension" provider-name="jsergio">
	<requires>
		<import addon="xbmc.python" version="2.1.0"/>
        	<import addon="script.module.urlresolver" version="3.0.38" />
	</requires>
	<extension point="xbmc.python.module" library="lib" />
	<extension point="xbmc.addon.metadata">
		<summary lang="en">Resolve adult video host URL's to be playable in XBMC/Kodi.</summary>
		<description lang="en">Resolve adult video host URL's to be playable in XBMC/Kodi.</description>
		<platform>all</platform>
	</extension>
</addon>
